INSERT INTO categories (id, description, title, urlimg)
VALUES (1, 'Las mejores casas', 'Casas', 'https://bucketdigitalbooking4.s3.us-east-2.amazonaws.com/casaCampo.jpg'),
(2, 'Los mejores hostales', 'Hostales', 'https://bucketdigitalbooking4.s3.us-east-2.amazonaws.com/hostalPorElMundo.jpg'),
(3, 'Los mejores apartamentos', 'Apartamentos', 'https://bucketdigitalbooking4.s3.us-east-2.amazonaws.com/apartamentoZentrum3.jpg'),
(4, 'Las mejores cabañas ', 'Cabañas', 'https://bucketdigitalbooking4.s3.us-east-2.amazonaws.com/cabanaPunto1.jpg');

INSERT INTO features (id, name, icon) 
VALUES (1, 'Cocina', 'fas fa-sink'),
(2, 'Aire acondicionado', 'fas fa-snowflake'),
(3, 'Estacionamiento Gratuito', 'fas fa-car'),
(4, 'Wifi', 'fas fa-wifi'),
(5, 'Televisor', 'fas fa-tv'),
(6, 'Apto mascotas', 'fas fa-paw'),
(7, 'Pileta', 'fas fa-swimmer');


INSERT INTO cities (id, country_name, name)
VALUES (1, 'Argentina', 'Puerto Madryn'),
(2, 'Argentina', 'Buenos Aires'),
(3, 'Argentina', 'Córdoba'),
(4, 'Argentina', 'Salta'),
(5, 'Argentina', 'Ushuaia'),
(6, 'Argentina', 'Puerto Iguazú'),
(7, 'Argentina', 'Carlos Paz'),
(8, 'Argentina', 'El Chalten'),
(9, 'Argentina', 'Esquel'),
(10, 'Argentina', 'Chacras de coria'),
(11, 'Argentina', 'San Carlos de Bariloche'),
(12, 'Argentina', 'Villa La Angostura'),
(13, 'Argentina', 'Lomas de Zamora'),
(14, 'Argentina', 'Mar del Plata'),
(15, 'Argentina', 'Pinamar');


 INSERT INTO products (id, description,latitude,longitude, reference, title_description, name,address, category_id, city_id)
VALUES 
(1, 'Hermosa casa para 4 personas en Puerto Madryn.El alojamiento está a 2,1 km de Puerto Madryn y el aeropuerto más cercano es el de El Tehuelche, ubicado a 8 km. La casa tiene 3 dormitorios, 1 baño, ropa de cama, toallas, TV de pantalla plana con canales por cable, zona de comedor, cocina totalmente equipada.Los huéspedes pueden nadar en la piscina al aire libre, practicar senderismo o pesca y relajarse en el jardín.',
'-42.752998',
'-65.037897',
'A  1,4 km del muelle Luis Piedrabuena',
'Casa de playa en Puerto Madryn', 
'Casa de playa',
'Steinhoff 139,Puerto Madryn, Chubut, Argentina',
 1, 1),
(2, 'El alojamiento ofrece patio con vistas a la ciudad, bar y jardín y se encuentra en Buenos Aires, cerca de la plaza Serrano y a 1,8 km del parque ecológico Buenos Aires. El establecimiento ofrece acceso a un balcón y aparcamiento privado gratuito.Esta casa cuenta con 1 dormitorio, cocina con microondas y nevera, TV de pantalla plana, zona de estar y el baño es privado e incluye bidet, secador de pelo y artículos de aseo gratuitos..',
 '-34.592142', 
 '-58.425341',
 'A 2,4 km de los lagos de Palermo',
 'Casa de campo en Buenos Aires',
 'Casa de campo',
 '4500 Honduras, Palermo,Buenos Aires, Argentina',
 1, 2),
(3, 'Está situado en el centro de Córdoba y ofrece habitaciones cómodas con conexión WiFi gratuita y zona de barbacoa al aire libre.Las habitaciones son sencillas pero confortables. Incluyen baño privado o compartido y ventilador de techo.El albergue cuenta con recepción las 24 horas, salón común muy animado, bar pequeño, sala de juegos bien equipada con mesa de billar, servicio de alquiler de bicicletas y servicio de masajes, bajo petición y por un suplemento.',
'-31.407338',
'-64.186644',
'A 1,2 km del centro comercial Patio Olmos.', 
'Rivera Hostel en ciudad de Córdoba',
'Rivera Hostel',
'La Tablada 414 esquina Sucre,Córdoba, Argentina',
 2, 3),
(4, 'El alojamiento cuenta con cocina compartida, salón compartido, servicio de cambio de divisa, un mostrador de información turística y WiFi gratuita en todas las instalaciones. El establecimiento ofrece habitaciones familiares.Todas las habitaciones incluyen armario, TV de pantalla plana, baño privado, ropa de cama y toallas.',
'-24.815695',
'-65.434682',
'A 5 km del parque 9 de Julio', 
'Yatasto Hostal en Salta capital',
'Yatasto Hostal',
'3289 Parque Nacional Los Cardones,Salta, Argentina',
 2, 4),
(5, 'Los alojamientos disponen de sofá cama, zona de estar, TV de pantalla plana, cocina bien equipada con zona de comedor y baño privado con secador de pelo. Hay nevera, horno, fogones y hervidor de agua.Cerca del apartamento hay varios lugares de interés, como el centro médico Fueguino, la clínica San Jorge y el centro deportivo municipal. El aeropuerto más cercano es el aeropuerto internacional de Ushuaia-Malvinas Argentinas, ubicado a 3 km de Las Cumbres Ushuaia.',
'-54.815568',
'-68.335011',
'A 6 km del tren del Fin del Mundo', 
'Patagonia Austral en Ushuaia',
'Patagonia Austral',
'9 Río Grande,Ushuaia, Tierra del Fuego, Argentina',
 3, 5),
(6, 'Estos apartamentos funcionales disponen de conexión Wi-Fi gratuita y se encuentran en Puerto Iguazú, a 15 minutos en coche de las cataratas de Iguazú. El establecimiento Lo de Carmen cuenta con apartamentos totalmente amueblados con cocina, zona de comedor, zona de estar y baño privado con ducha. También dispone de zona de barbacoa.El aeropuerto internacional de Iguazú está a 20 minutos en coche.',
'-25.605821',
'-54.576377',
'A 5 calles de la zona del centro',
'Apart Cataratas en Puerto Iguazú ',
'Apart Cataratas',
'Palmeras y Sauce, Puerto Iguazú, Argentina', 
 3, 6),
(7, 'El alojamiento ofrece patio, vistas al jardín, zona de estar, TV de pantalla plana vía satélite, cocina totalmente equipada con nevera y horno, y baño privado con bidet. Todos los alojamientos tienen balcón con vistas a la montaña.El ayuntamiento y el puente Uruguay están a 7 km. El aeropuerto más cercano es el aeropuerto internacional Ingeniero Aeronáutico Ambrosio L.V. Taravella, situado a 31 km',
'-31.385712',
'-64.521338',
'A 6 km del Reloj Cucú', 
'Cabañas Ensueño en Carlos Paz',
'Cabañas Ensueño',
'Liniers 5152 Villa Carlos Paz, Argentina',
 4, 7),
(8, 'Se puede llegar al establecimiento a través de una caminata de 3 horas por el río Diable. El establecimiento dispone de 6 habitaciones con 4 camas y baño privado con ducha y artículos de aseo gratuitos. Se proporciona ropa de cama.El establecimiento alberga un bar restaurante. Se preparan almuerzos para llevar.La zona es ideal para practicar esquí y senderismo en hielo.',
'-49.218912',
'-72.959203',
'A 8 km del Cerro Fitz Roy', 
'Cabañas El Puesto Sur en El Chalten',
'Cabañas El Puesto Sur',
'Ruta Provincial 23, El Chaltén, Argentina',
 4, 8),
 (9, 'El alojamiento ofrece WiFi, jardín y aparcamiento privado gratuito.La casa tiene 2 dormitorios, TV de pantalla plana por cable y cocina totalmente equipada con microondas, nevera, lavadora, horno y fogones. Se proporcionan toallas y ropa de cama. El aeropuerto más cercano es el de Esquel, ubicado a 16 km. ',
 '-42.914451',
 '-71.330587',
 'A 5 km de la estación de esquí de La Hoya',
 'Cabañas Kaiken Lauquen en Esquel',
 'Cabañas Kaiken Lauquen',
 '1075 Darwin, Esquel, Argentina',
 4, 9),
 (10, 'Se encuentra a 4,3 km de Llao Llao y ofrece WiFi gratuito y aparcamiento privado.El alojamiento dispone de cocina con horno. El baño privado incluye artículos de aseo gratuitos y secador de pelo. La Huala proporciona toallas y ropa de cama.La Huala está a 19 km de la estación de esquí de Cerro Catedral y a 21 km de Isla Victoria. La zona es ideal para practicar esquí y equitación. El aeropuerto más cercano es el de San Carlos de Bariloche, ubicado a 30 km',
 '-41.084084',
'-71.509073',
 'A 18 km del centro cívico',
 'Cabañas La Huala en Bariloche',
 'Cabañas La Huala',
 'Genoveva Beveraggi 1806, San Carlos de Bariloche, Argentina',
 4,11),
 (11, 'La casa tiene un jardín, WiFi gratuito, vistas a la piscina, 2 dormitorios, sala de estar, TV, cocina equipada con microondas y nevera y 2 baños con bidet.El aeropuerto más cercano es el aeropuerto internacional Gobernador Francisco Gabrielli, a 28 km de la casa. El establecimiento ofrece un servicio de enlace con el aeropuerto por un suplemento.',
 '-32.999484',
 '-68.897921',
 'A 4 km de la bodega Carmine Granata Saica',
 'Casa Los Cerezos en Chacras de Coria ',
 'Casa Los Cerezos',
 'Dr. Edmundo Correas 2983,Chacras de Coria, Argentina',
 1,10),
  (12, 'Se encuentra a 2 km del centro de Villa La Angostura, ofrece alojamiento independiente con conexión Wi-Fi gratuita y piscina. El establecimiento cuenta con unas vistas panorámicas impresionantes de la montaña de Cerro Bayo.El Arbolar dispone de apartamentos en un ambiente tranquilo que cuentan con zona de cocina, zona de estar acogedora, TV vía satélite y vistas panorámicas a la montaña.El Arbolar está a 8 km de Cerro Bayo y a 90 km de Bariloche. Además, cuenta con aparcamiento privado gratuito en sus instalaciones.',
 '-40.772623',
 '-71.624220',
 'A 600 metros del lago Nahuel Huapi',
 'Apart Arbolar en Villa La Angostura',
 'Apart Arbolar ',
 'Triangulo Austral 375, Villa La Angostura, Argentina',
 3,12),
 (13, 'Este alojamiento ofrece acceso a un balcón y aparcamiento privado gratuito.El apartamento dispone de 1 dormitorio, TV de pantalla plana con canales vía satélite, lavadora, 2 baños con bidet y cocina bien equipada con microondas y nevera. Se pueden proporcionar toallas y ropa de cama por un suplemento.El aeropuerto internacional Ministro Pistarini, situado a 14 km del establecimiento, es el más cercano',
 '-34.758304',
 '-58.397774',
 'A 300 metros del Teatro Coliseo ',
 'Apart Moderno en Lomas de Zamora',
 'Apart Moderno',
 'Carlos Pellegrini 218, Lomas de Zamora, Argentina',
 3,13),
(14, 'El apartamento cuenta con aire acondicionado, 1 dormitorio, sala de estar, cocina totalmente equipada con nevera y hervidor de agua y 2 baños con bidet y ducha. Se proporcionan toallas y ropa de cama.Cerca del apartamento hay varios lugares de interés, como la catedral de Mar del Plata, el centro cultural Villa Victoria y el monumento Alfonsina Storni. El aeropuerto más cercano es el aeropuerto internacional Astor Piazzolla, ubicado a 9 km del Eugene Home.',
 '-38.005519',
 '-57.549114',
 'A menos de 1 km del casino central de Mar del Plata',
 'Apart Eugene en Mar del plata',
 'Apart Eugene ',
 '2327 Santa Fe 3B, Mar del Plata, Argentina',
 3,14);
/*(15, 'Los alojamientos disponen de TV de pantalla plana, armario, caja fuerte y baño con bañera de hidromasaje, secador de pelo y artículos de aseo gratuitos,alberga piscina al aire libre y centro de spa. Este establecimiento ofrece alojamiento independiente con conexión WiFi gratuita. Algunos alojamientos incluyen cocina bien equipada con microondas, utensilios de cocina, minibar y fogones.',
 '-37.112266',
 '-56.870955',
 'A 800 metros de la playa.',
 'Garden Suites  en Pinamar',
 'Garden Suites',
 'Bunge 1544,Pinamar, Argentina',
 3,15);*/

INSERT INTO images (id, title, url, product_id) 
 VALUES 
(1, 'apartCataratas1', 'https://bucketdigitalbooking4.s3.us-east-2.amazonaws.com/apartamentoCataloniaSur.jpg', 6),
(2, 'apartCataratas', 'https://bucketdigitalbooking4.s3.us-east-2.amazonaws.com/apartamentoCataloniaSur1.jpg', 6),
(3, 'apartCataratas', 'https://bucketdigitalbooking4.s3.us-east-2.amazonaws.com/apartamentoCataloniaSur2.jpg', 6),
(4, 'apartCataratas', 'https://bucketdigitalbooking4.s3.us-east-2.amazonaws.com/apartamentoCataloniaSur3.jpg', 6),
(5, 'apartCataratas', 'https://bucketdigitalbooking4.s3.us-east-2.amazonaws.com/apartamentoCataloniaSur4.jpg', 6),
(6, 'patagoniaAustral1', 'https://bucketdigitalbooking4.s3.us-east-2.amazonaws.com/apartamentoZentrum3.jpg', 5),
(7, 'patagoniaAustral', 'https://bucketdigitalbooking4.s3.us-east-2.amazonaws.com/apartamentoZentrum.jpg', 5),
(8, 'patagoniaAustral', 'https://bucketdigitalbooking4.s3.us-east-2.amazonaws.com/apartamentoZentrum1.jpg', 5),
(9, 'patagoniaAustral', 'https://bucketdigitalbooking4.s3.us-east-2.amazonaws.com/apartamentoZentrum2.jpg', 5),
(10, 'patagoniaAustral', 'https://bucketdigitalbooking4.s3.us-east-2.amazonaws.com/apartamentoZentrum4.jpg', 5),
(11, 'cabanaElPuestoSur1', 'https://bucketdigitalbooking4.s3.us-east-2.amazonaws.com/cabanaLaMontana.jpg', 8),
(12, 'cabanaElPuestoSur', 'https://bucketdigitalbooking4.s3.us-east-2.amazonaws.com/cabanaLaMontana1.jpg', 8),
(13, 'cabanaElPuestoSur', 'https://bucketdigitalbooking4.s3.us-east-2.amazonaws.com/cabanaLaMontana2.jpg', 8),
(14, 'cabanaElPuestoSur', 'https://bucketdigitalbooking4.s3.us-east-2.amazonaws.com/cabanaLaMontana3.jpg', 8),
(15, 'cabanaElPuestoSur', 'https://bucketdigitalbooking4.s3.us-east-2.amazonaws.com/cabanaLaMontana4.jpg', 8),
(16, 'cabanaEnsueno1', 'https://bucketdigitalbooking4.s3.us-east-2.amazonaws.com/cabanaPunto1.jpg', 7),
(17, 'cabanaEnsueno', 'https://bucketdigitalbooking4.s3.us-east-2.amazonaws.com/cabanaPunto.jpg', 7),
(18, 'cabanaEnsueno', 'https://bucketdigitalbooking4.s3.us-east-2.amazonaws.com/cabanaPunto2.jpg', 7),
(19, 'cabanaEnsueno', 'https://bucketdigitalbooking4.s3.us-east-2.amazonaws.com/cabanaPunto3.jpg', 7),
(20, 'cabanaEnsueno', 'https://bucketdigitalbooking4.s3.us-east-2.amazonaws.com/cabanaPunto4.jpg', 7),
(21, 'casaCampo1', 'https://bucketdigitalbooking4.s3.us-east-2.amazonaws.com/casaCampo.jpg', 2),
(22, 'casaCampo', 'https://bucketdigitalbooking4.s3.us-east-2.amazonaws.com/casaCampo1.jpg', 2),
(23, 'casaCampo', 'https://bucketdigitalbooking4.s3.us-east-2.amazonaws.com/casaCampo2.jpg', 2),
(24, 'casaCampo', 'https://bucketdigitalbooking4.s3.us-east-2.amazonaws.com/casaCampo3.jpg', 2),
(25, 'casaCampo', 'https://bucketdigitalbooking4.s3.us-east-2.amazonaws.com/casaCampo4.jpg', 2),
(26, 'casaPlaya1', 'https://bucketdigitalbooking4.s3.us-east-2.amazonaws.com/casaPlaya1.jpg', 1),
(27, 'casaPlaya', 'https://bucketdigitalbooking4.s3.us-east-2.amazonaws.com/casaPlaya.jpg', 1),
(28, 'casaPlaya', 'https://bucketdigitalbooking4.s3.us-east-2.amazonaws.com/casaPlaya2.jpg', 1),
(29, 'casaPlaya', 'https://bucketdigitalbooking4.s3.us-east-2.amazonaws.com/casaPlaya3.jpg', 1),
(30, 'casaPlaya', 'https://bucketdigitalbooking4.s3.us-east-2.amazonaws.com/casaPlaya4.jpg', 1),
(31, 'yatastoHostal1', 'https://bucketdigitalbooking4.s3.us-east-2.amazonaws.com/hostalLosAngeles1.jpg', 4),
(32, 'yatastoHostal', 'https://bucketdigitalbooking4.s3.us-east-2.amazonaws.com/hostalLosAngeles.jpg', 4),
(33, 'yatastoHostal', 'https://bucketdigitalbooking4.s3.us-east-2.amazonaws.com/hostalLosAngeles2.jpg', 4),
(34, 'yatastoHostal', 'https://bucketdigitalbooking4.s3.us-east-2.amazonaws.com/hostalLosAngeles3.jpg', 4),
(35, 'yatastoHostal', 'https://bucketdigitalbooking4.s3.us-east-2.amazonaws.com/hostalLosAngeles4.jpg', 4),
(36, 'riveraHostel1', 'https://bucketdigitalbooking4.s3.us-east-2.amazonaws.com/hostalPorElMundo.jpg', 3),
(37, 'riveraHostel', 'https://bucketdigitalbooking4.s3.us-east-2.amazonaws.com/hostalPorElMundo1.jpg', 3),
(38, 'riveraHostel', 'https://bucketdigitalbooking4.s3.us-east-2.amazonaws.com/hostalPorElMundo2.jpg', 3),
(39, 'riveraHostel', 'https://bucketdigitalbooking4.s3.us-east-2.amazonaws.com/hostalPorElMundo3.jpg', 3),
(40, 'riveraHostel', 'https://bucketdigitalbooking4.s3.us-east-2.amazonaws.com/hostalPorElMundo4.jpg', 3),
(41, 'cabanaKaikenLauquen1', 'https://bucketdigitalbooking4.s3.us-east-2.amazonaws.com/cabanaKaikenLauquen.jpg', 9),
(42, 'cabanaKaikenLauquen', 'https://bucketdigitalbooking4.s3.us-east-2.amazonaws.com/cabanaKaikenLauquen1.jpg', 9),
(43, 'cabanaKaikenLauquen', 'https://bucketdigitalbooking4.s3.us-east-2.amazonaws.com/cabanaKaikenLauquen2.jpg', 9),
(44, 'cabanaKaikenLauquen', 'https://bucketdigitalbooking4.s3.us-east-2.amazonaws.com/cabanaKaikenLauquen3.jpg', 9),
(45, 'cabanaKaikenLauquen', 'https://bucketdigitalbooking4.s3.us-east-2.amazonaws.com/cabanaKaikenLauquen4.jpg', 9),
(46, 'cabanaLaHuala1', 'https://bucketdigitalbooking4.s3.us-east-2.amazonaws.com/cabanaLaHuala.jpg', 10),
(47, 'cabanaLaHuala', 'https://bucketdigitalbooking4.s3.us-east-2.amazonaws.com/cabanaLaHuala1.jpg', 10),
(48, 'cabanaLaHuala', 'https://bucketdigitalbooking4.s3.us-east-2.amazonaws.com/cabanaLaHuala2.jpg', 10),
(49, 'cabanaLaHuala', 'https://bucketdigitalbooking4.s3.us-east-2.amazonaws.com/cabanaLaHuala3.jpg', 10),
(50, 'cabanaLaHuala', 'https://bucketdigitalbooking4.s3.us-east-2.amazonaws.com/cabanaLaHuala4.jpg', 10),
(51, 'casaLosCerezos1', 'https://bucketdigitalbooking4.s3.us-east-2.amazonaws.com/casaLosCerezos.jpg', 11),
(52, 'casaLosCerezos', 'https://bucketdigitalbooking4.s3.us-east-2.amazonaws.com/casaLosCerezos1.jpg', 11),
(53, 'casaLosCerezos', 'https://bucketdigitalbooking4.s3.us-east-2.amazonaws.com/casaLosCerezos2.jpg', 11),
(54, 'casaLosCerezos', 'https://bucketdigitalbooking4.s3.us-east-2.amazonaws.com/casaLosCerezos3.jpg', 11),
(55, 'casaLosCerezos', 'https://bucketdigitalbooking4.s3.us-east-2.amazonaws.com/casaLosCerezos4.jpg', 11),
(56, 'apartArbolar1', 'https://bucketdigitalbooking4.s3.us-east-2.amazonaws.com/apartArbolar.jpg', 12),
(57, 'apartArbolar', 'https://bucketdigitalbooking4.s3.us-east-2.amazonaws.com/apartArbolar1.jpg', 12),
(58, 'apartArbolar', 'https://bucketdigitalbooking4.s3.us-east-2.amazonaws.com/apartArbolar2.jpg', 12),
(59, 'apartArbolar', 'https://bucketdigitalbooking4.s3.us-east-2.amazonaws.com/apartArbolar3.jpg', 12),
(60, 'apartArbolar', 'https://bucketdigitalbooking4.s3.us-east-2.amazonaws.com/apartArbolar4.jpg', 12),
(61, 'apartModerno1', 'https://bucketdigitalbooking4.s3.us-east-2.amazonaws.com/apartModerno.jpg', 13),
(62, 'apartModerno', 'https://bucketdigitalbooking4.s3.us-east-2.amazonaws.com/apartModerno1.jpg', 13),
(63, 'apartModerno', 'https://bucketdigitalbooking4.s3.us-east-2.amazonaws.com/apartModerno2.jpg', 13),
(64, 'apartModerno', 'https://bucketdigitalbooking4.s3.us-east-2.amazonaws.com/apartModerno3.jpg', 13),
(65, 'apartModerno', 'https://bucketdigitalbooking4.s3.us-east-2.amazonaws.com/apartModerno4.jpg', 13),
(66,'apartEugene1', 'https://bucketdigitalbooking4.s3.us-east-2.amazonaws.com/apartEugene.jpg',14),
(67,'apartEugene', 'https://bucketdigitalbooking4.s3.us-east-2.amazonaws.com/apartEugene1.jpg',14),
(68,'apartEugene', 'https://bucketdigitalbooking4.s3.us-east-2.amazonaws.com/apartEugene2.jpg',14),
(69,'apartEugene', 'https://bucketdigitalbooking4.s3.us-east-2.amazonaws.com/apartEugene3.jpg',14),
(70,'apartEugene', 'https://bucketdigitalbooking4.s3.us-east-2.amazonaws.com/apartEugene4.jpg',14);
/*(71,'gardenSuites1', 'https://bucketdigitalbooking4.s3.us-east-2.amazonaws.com/gardenSuites.jpg',15);
(72,'gardenSuites', 'https://bucketdigitalbooking4.s3.us-east-2.amazonaws.com/gardenSuites1.jpg',15),
(73,'gardenSuites', 'https://bucketdigitalbooking4.s3.us-east-2.amazonaws.com/gardenSuites2.jpg',15),
(74,'gardenSuites', 'https://bucketdigitalbooking4.s3.us-east-2.amazonaws.com/gardenSuites3.jpg',15),
(75,'gardenSuites', 'https://bucketdigitalbooking4.s3.us-east-2.amazonaws.com/gardenSuites4.jpg',15);*/


INSERT INTO product_feature (id_product, id_feature) 
VALUES (1,1),(1,5),(1,7),(1,2),(1,3),(1,4),
(2,1),(2,5),(2,7),(2,6),(2,3),
(3,1),(3,5),(3,7),(3,2),(3,3),(3,4),
(4,1),(4,5),(4,7),(4,6),(4,3),
(5,1),(5,5),(5,7),(5,2),(5,3),(5,4),
(6,1),(6,5),(6,7),(6,6),(6,3),
(7,1),(7,5),(7,7),(7,2),(7,3),(7,4),
(8,1),(8,5),(8,7),(8,6),(8,3),
(9,1),(9,4),(9,3),(9,5),
(10,1),(10,4),(10,3),(10,6),
(11,1),(11,4),(11,7),(11,5),
(12,1),(12,4),(12,7),(12,6),
(13,1),(13,4),(13,3),(13,5),
(14,1),(14,4),(14,2),(14,5);
/*   (15,),(15,),(15,),(15,),(15,);   */

INSERT INTO roles (id, name) 
VALUES (1,'user'), (2,'admin');

INSERT INTO users (id, name, last_name, mail, password,rol_id) 
VALUES (1,'Grupo', '4','grupo4@gmail.com', '1234567', 1);

INSERT INTO reservations(id, final_date, start_date, start_time,vaccinated, seller_data, product_id,user_id) 
VALUES (1,'2021-11-17','2021-11-12', 8,true, "datos", 4, 1);

Insert into punctuations(id, score, product_id, user_id) 
values 
/*(1, 4, 1, 1),(2, 1, 1, 1),*/ /*PARA PROBAR EN FRONT APARECE 0 es la Casa de playa*/
(5,5,2,1),(6,5,2,1),
(3, 5, 3, 1),(4, 3, 3, 1),
(7,3,4,1),(8,4,4,1),
(9,4,5,1),(10,5,5,1),
(11,4,6,1),(12,4,6,1),
(13,3,7,1),(14,5,7,1),
(15,5,8,1),(16,5,8,1),(17,5,8,1),(18,4,8,1),
(19, 2,9,1),(20,2,9,1),
(21,5,10,1),(22,4,10,1),
(23,3,11,1),(24,4,11,1),
(25,2,12,1),(26,5,12,1),
(27,5,13,1),(28,5,13,1),
(29,3,14,1),(30,2,14,1),(31,2,14,1);
/*   ,(32, 5,15,1),(33,4,15,1);   */
;


INSERT INTO policies_health_and_security (id, description_health_and_security) /* SALUD Y SEGURIDAD */
VALUES (1, "Servicio de asistencia médica todos los días las 24 horas"),
(2, "Detector de humo"),
(3, "En respuesta al coronavirus (COVID-19), el alojamiento aplica medidas sanitarias y de seguridad adicionales en estos momentos"),
(4, "Todas las habitaciones cuentan con cajas de seguridad"),
(5, "Servicio de vigilancia por las noches"),
(6, "Los huéspedes deberán mostrar un documento de identidad válido y una tarjeta de crédito o débito al realizar el registro de entrada");

INSERT INTO product_policies_health_and_security(id_product, id_policies_health_and_security) 
VALUES(1,2),(1, 4),
(2,2),(2,4 ),(2,3),
(3,3),(3,6),(3, 5),
(4,1),(4,5),(4,3),
(5,2),(5,3),(5,4),
(6,1),(6,4),(6,6),
(7,3),(7,2 ),
(8,6),(8,4 ),(8,3),
(9,3),(9,2),
(10,3),(10,4),
(11,2),
(12,6),(12,1),
(13,1),(13,3),
(14,5),(14,4);
/*  ,(15,6 );  */


INSERT INTO policies_house_rules (id, description_house_rules)  /* NORMAS DE LA CASA */
VALUES (1, "Check-out: 10:00"),
(2, "No se permiten fiestas"),
(3, "Está prohibido fumar en espacios públicos"),
(4, "Los niños a partir de 6 años se considerarán adultos en este alojamiento"),
(5, "Todas las cunas y camas supletorias están sujetas a disponibilidad"), 
(6, "Se pueden alojar niños de cualquier edad"),
(7, " Está prohibido botar basura, lavar vehículos y hacer fogatas en las instalaciones del alojamiento"),
(8, "Está prohibido usar artefactos de alto consumo eléctrico distintos a los instalados en el alojamiento"),
(9, "Está prohibido ingresar animales al establecimiento");

INSERT INTO product_policies_house_rules(id_product, id_policies_house_rules)
VALUES(1,2 ),(1,8 ),(1,1),
(2,6 ),(2,7 ),(2,8),
(3,3 ),(3,6 ),(3,5),
(4,5),(4,9 ),(4,3 ),
(5,1 ),(5,2 ),(5,8 ),
(6,9 ),(6,6 ),(6,4 ),
(7,7 ),(7,2 ),(7,9 ),
(8,1 ),(8,5 ),(8,8),
(9,2),(9,8),
(10,4),(10,7),
(11, 1),(11, 2),
(12,5),(12,6),
(13,7),(13,1 ),
(14, 9);
/*  ,(15,8 );  */

INSERT INTO policies_cancellation (id, description) /* CANCELACION */
VALUES (1, "Se deberá cancelar con más de 7 dias de de antelación a la fecha de arribo al hotel para no tener penalidad"),
(2, "Cancelaciones dentro de las 72 horas se cobrará el total de la estadía"),
(3, "Cancelación Flexible: reserva con total tranquilidad y cancela sin cargo hasta 24h antes del check-in"),
(4, "Cancelación Semiflexible: Se efectuará un cargo no reembolsable del 10 por ciento del total de la estancia en el momento de efectuar la reserva. Cualquier cancelación tendrá el cargo equivalente al 10 por ciento del total de la estancia. En el caso de modificación de una reserva, el alojamiento podrá considerar dicha reserva como una reserva nueva, pudiendo actualizar la tarifa según precios, disponibilidad y condiciones establecidos en el día en que se realice la modificación. Todas aquellas reservas que no se presenten tendrán un cargo equivalente al 100 por ciento del importe total de la reserva. En caso de salida anticipada se cargará el total de la estancia como penalización."),
(5, "Cancelación fuera del periodo indicado: se cobra el importe de la primera noche de estancia por cada habitación reservada como penalización");

INSERT INTO product_policies_cancellation(id_product, id_policies_cancellation)
VALUES(1,5),
(2,3),
(3,1),(3, 2),
(4, 3),
(5,3),
(6,5),
(7,1),(7, 2),
(8,4),
(9,4),
(10,1),(10,2),
(11,5),
(12,3),
(13,1),
(14,2);
/*   ,(15,1),(15,2);   */

/*create database trabajofinalintegrador;*/
